<?xml version="1.0"?>
<openerp>
    <data>
        <!-- Creamos un filtro en stock_moves_tree -->
        <record id="view_stock_move_search_inh" model="ir.ui.view">
            <field name="name">stock.move_search_inh2</field>
            <field name="model">stock.move</field>
            <field name="inherit_id" ref="stock.view_move_search" />
            <field name="arch" type="xml">
                <search>
                    <filter string="Ubicaciones Origen/Destino" name="consulta" domain="[('consulta','=',False)]" />
                </search>
            </field>
        </record>
        <!-- Sobreescribimos directamente el action_id -->
        <record id="stock.action_move_form2" model="ir.actions.act_window">
            <field name="context">{'search_default_consulta': 1}</field>
        </record>
        <record id="stock_picking_out_search_inh" model="ir.ui.view">
            <field name="name">stock.picking.out_tree_inh</field>
            <field name="model">stock.picking.out</field>
            <field name="inherit_id" ref="stock.view_picking_out_search" />
            <field name="arch" type="xml">
                <search>
                    <filter string="Esperando Disponibilidad - Partidas" name="availability_filter" domain="[('state','=','assigned')]" context="{'group_by':'availability_filter'}"/>
                </search>                
            </field>
        </record> 
    </data>
</openerp>